{
  "broadcast": [
    {
      "id": 1,
      "name": "test",
      "users": [
        {
          "id": "100007120057472",
          "name": "Ambuj Singh",
          "gender": "MALE",
          "image": "https://scontent.fdel11-2.fna.fbcdn.net/v/t39.30808-1/333118269_3045176818961382_9023456314519144910_n.jpg?stp=cp0_dst-jpg_p60x60&_nc_cat=103&ccb=1-7&_nc_sid=5740b7&_nc_ohc=n0yoTWmkOj0AX_tkNXF&_nc_ht=scontent.fdel11-2.fna&oh=00_AfBrY9uHeAoXGcQf9HQQ-cxY1ZWfcPQcLOyjCyRuy8RQQg&oe=65848151",
          "adminFacebookId": "61554226856258"
        },
        {
          "id": "100090296734035",
          "name": "Ambuj Singh",
          "gender": "MALE",
          "image": "https://scontent.fdel25-1.fna.fbcdn.net/v/t39.30808-1/372635713_246331265053430_1264651899699162334_n.jpg?stp=cp0_dst-jpg_p60x60&_nc_cat=108&ccb=1-7&_nc_sid=5740b7&_nc_ohc=-9DC4xkDIfAAX9MmrpY&_nc_ht=scontent.fdel25-1.fna&oh=00_AfBG_q6dTiJf-Jr5EOjVFw7OR8O27VfljeRxg4kVoup-zA&oe=658687EC",
          "adminFacebookId": "61554226856258"
        }
      ]
    },
    {
      "name": "hello",
      "users": [
        {
          "id": "61553085213998",
          "name": "Babu Kalay",
          "gender": "MALE",
          "image": "https://scontent.fdel11-3.fna.fbcdn.net/v/t39.30808-1/410868583_122117283218102840_3764204197641499455_n.jpg?stp=cp0_dst-jpg_p60x60&_nc_cat=101&ccb=1-7&_nc_sid=5740b7&_nc_ohc=1nlyZQgDxWsAX9Mj5-b&_nc_ht=scontent.fdel11-3.fna&oh=00_AfAR8eJ4r-pcdE7StxO4-JDSnsif9Pd3e3wcSPOrGef_kg&oe=6585D1FB",
          "adminFacebookId": "61554226856258"
        },
        {
          "id": "100090296734035",
          "name": "Ambuj Singh",
          "gender": "MALE",
          "image": "https://scontent.fdel11-3.fna.fbcdn.net/v/t39.30808-1/372635713_246331265053430_1264651899699162334_n.jpg?stp=cp0_dst-jpg_p60x60&_nc_cat=108&ccb=1-7&_nc_sid=5740b7&_nc_ohc=-9DC4xkDIfAAX9MmrpY&_nc_ht=scontent.fdel11-3.fna&oh=00_AfBAcwnLaS4aoydEckpUSal3oNH78slf1cBLOCwga9bLvQ&oe=65848DAC",
          "adminFacebookId": "61554226856258"
        },
        {
          "id": "100007120057472",
          "name": "Ambuj Singh",
          "gender": "MALE",
          "image": "https://scontent.fdel11-2.fna.fbcdn.net/v/t39.30808-1/333118269_3045176818961382_9023456314519144910_n.jpg?stp=cp0_dst-jpg_p60x60&_nc_cat=103&ccb=1-7&_nc_sid=5740b7&_nc_ohc=0c2Kunamsz0AX_L5gAp&_nc_ht=scontent.fdel11-2.fna&oh=00_AfDQvdO9sRQWfgeRJMu3fDcsJazqE-z1EY8O5UOMVJP-sw&oe=65848151",
          "adminFacebookId": "61554226856258"
        }
      ],
      "id": 7
    },
    {
      "name": "hireh",
      "users": [
        {
          "id": "100090296734035",
          "name": "Ambuj Singh",
          "gender": "MALE",
          "image": "https://scontent.fdel11-3.fna.fbcdn.net/v/t39.30808-1/372635713_246331265053430_1264651899699162334_n.jpg?stp=cp0_dst-jpg_p60x60&_nc_cat=108&ccb=1-7&_nc_sid=5740b7&_nc_ohc=-9DC4xkDIfAAX9MmrpY&_nc_ht=scontent.fdel11-3.fna&oh=00_AfBAcwnLaS4aoydEckpUSal3oNH78slf1cBLOCwga9bLvQ&oe=65848DAC",
          "adminFacebookId": "61554226856258"
        },
        {
          "id": "61553085213998",
          "name": "Babu Kalay",
          "gender": "MALE",
          "image": "https://scontent.fdel11-3.fna.fbcdn.net/v/t39.30808-1/410868583_122117283218102840_3764204197641499455_n.jpg?stp=cp0_dst-jpg_p60x60&_nc_cat=101&ccb=1-7&_nc_sid=5740b7&_nc_ohc=1nlyZQgDxWsAX9Mj5-b&_nc_ht=scontent.fdel11-3.fna&oh=00_AfAR8eJ4r-pcdE7StxO4-JDSnsif9Pd3e3wcSPOrGef_kg&oe=6585D1FB",
          "adminFacebookId": "61554226856258"
        }
      ],
      "id": 8
    },
    {
      "name": "abcd",
      "users": [
        {
          "id": "100090296734035",
          "name": "Ambuj Singh",
          "gender": "MALE",
          "image": "https://scontent.fdel11-3.fna.fbcdn.net/v/t39.30808-1/372635713_246331265053430_1264651899699162334_n.jpg?stp=cp0_dst-jpg_p60x60&_nc_cat=108&ccb=1-7&_nc_sid=5740b7&_nc_ohc=-9DC4xkDIfAAX9MmrpY&_nc_ht=scontent.fdel11-3.fna&oh=00_AfBAcwnLaS4aoydEckpUSal3oNH78slf1cBLOCwga9bLvQ&oe=65848DAC",
          "adminFacebookId": "61554226856258"
        },
        {
          "id": "100007120057472",
          "name": "Ambuj Singh",
          "gender": "MALE",
          "image": "https://scontent.fdel11-2.fna.fbcdn.net/v/t39.30808-1/333118269_3045176818961382_9023456314519144910_n.jpg?stp=cp0_dst-jpg_p60x60&_nc_cat=103&ccb=1-7&_nc_sid=5740b7&_nc_ohc=n0yoTWmkOj0AX_tkNXF&_nc_ht=scontent.fdel11-2.fna&oh=00_AfBrY9uHeAoXGcQf9HQQ-cxY1ZWfcPQcLOyjCyRuy8RQQg&oe=65848151",
          "adminFacebookId": "61554226856258"
        }
      ],
      "id": 9
    },
    {
      "name": "new list",
      "users": [
        {
          "id": "100007120057472",
          "name": "Ambuj Singh",
          "gender": "MALE",
          "image": "https://scontent.fdel11-2.fna.fbcdn.net/v/t39.30808-1/333118269_3045176818961382_9023456314519144910_n.jpg?stp=cp0_dst-jpg_p60x60&_nc_cat=103&ccb=1-7&_nc_sid=5740b7&_nc_ohc=n0yoTWmkOj0AX_tkNXF&_nc_ht=scontent.fdel11-2.fna&oh=00_AfBrY9uHeAoXGcQf9HQQ-cxY1ZWfcPQcLOyjCyRuy8RQQg&oe=65848151",
          "adminFacebookId": "61554226856258"
        },
        {
          "id": "100090296734035",
          "name": "Ambuj Singh",
          "gender": "MALE",
          "image": "https://scontent.fdel11-3.fna.fbcdn.net/v/t39.30808-1/372635713_246331265053430_1264651899699162334_n.jpg?stp=cp0_dst-jpg_p60x60&_nc_cat=108&ccb=1-7&_nc_sid=5740b7&_nc_ohc=-9DC4xkDIfAAX9MmrpY&_nc_ht=scontent.fdel11-3.fna&oh=00_AfBAcwnLaS4aoydEckpUSal3oNH78slf1cBLOCwga9bLvQ&oe=65848DAC",
          "adminFacebookId": "61554226856258"
        }
      ],
      "id": 10
    },
    {
      "name": "new test",
      "users": [
        {
          "id": "61553085213998",
          "name": "Babu Kalay",
          "gender": "MALE",
          "image": "https://scontent.fdel11-3.fna.fbcdn.net/v/t39.30808-1/410868583_122117283218102840_3764204197641499455_n.jpg?stp=cp0_dst-jpg_p60x60&_nc_cat=101&ccb=1-7&_nc_sid=5740b7&_nc_ohc=1nlyZQgDxWsAX9Mj5-b&_nc_ht=scontent.fdel11-3.fna&oh=00_AfAR8eJ4r-pcdE7StxO4-JDSnsif9Pd3e3wcSPOrGef_kg&oe=6585D1FB",
          "adminFacebookId": "61554226856258"
        }
      ],
      "id": 11
    },
    {
      "name": "testing-2",
      "users": [
        {
          "id": "100090296734035",
          "name": "Ambuj Singh",
          "gender": "MALE",
          "image": "https://scontent.fdel11-3.fna.fbcdn.net/v/t39.30808-1/372635713_246331265053430_1264651899699162334_n.jpg?stp=cp0_dst-jpg_p60x60&_nc_cat=108&ccb=1-7&_nc_sid=5740b7&_nc_ohc=-9DC4xkDIfAAX9MmrpY&_nc_ht=scontent.fdel11-3.fna&oh=00_AfBAcwnLaS4aoydEckpUSal3oNH78slf1cBLOCwga9bLvQ&oe=65848DAC",
          "adminFacebookId": "61554226856258"
        },
        {
          "id": "100007120057472",
          "name": "Ambuj Singh",
          "gender": "MALE",
          "image": "https://scontent.fdel11-2.fna.fbcdn.net/v/t39.30808-1/333118269_3045176818961382_9023456314519144910_n.jpg?stp=cp0_dst-jpg_p60x60&_nc_cat=103&ccb=1-7&_nc_sid=5740b7&_nc_ohc=0c2Kunamsz0AX_L5gAp&_nc_ht=scontent.fdel11-2.fna&oh=00_AfDQvdO9sRQWfgeRJMu3fDcsJazqE-z1EY8O5UOMVJP-sw&oe=65848151",
          "adminFacebookId": "61554226856258"
        },
        {
          "id": "61553085213998",
          "name": "Babu Kalay",
          "gender": "MALE",
          "image": "https://scontent.fdel11-3.fna.fbcdn.net/v/t39.30808-1/410868583_122117283218102840_3764204197641499455_n.jpg?stp=cp0_dst-jpg_p60x60&_nc_cat=101&ccb=1-7&_nc_sid=5740b7&_nc_ohc=1nlyZQgDxWsAX9Mj5-b&_nc_ht=scontent.fdel11-3.fna&oh=00_AfAR8eJ4r-pcdE7StxO4-JDSnsif9Pd3e3wcSPOrGef_kg&oe=6585D1FB",
          "adminFacebookId": "61554226856258"
        }
      ],
      "id": 12
    }
  ]
}